City_ID,City,Lat,Lng,Max Temp,Humidity,Cloudiness,Wind Speed,Country,Date
0,lerwick,60.1545,-1.1494,10.0,83,100,7.96,GB,1712880872
1,port-aux-francais,-49.35,70.2167,6.25,91,98,3.93,TF,1712880873
2,christchurch,-43.5333,172.6333,12.4,93,75,9.26,NZ,1712880584
3,bredasdorp,-34.5322,20.0403,12.71,76,5,2.97,ZA,1712880876
4,ribeira grande,38.5167,-28.7,15.99,94,96,1.79,PT,1712880877
5,sault ste. marie,46.5168,-84.3333,12.16,66,100,2.06,CA,1712880768
6,margaret river,-33.95,115.0667,13.82,78,5,5.66,AU,1712880703
7,aral,40.5156,81.2636,16.65,94,19,3.69,CN,1712880882
8,qarqaraly,49.4058,75.4742,-4.53,80,73,3.01,KZ,1712880882
9,prishibinskoye,39.1196,48.5936,13.53,73,100,3.02,AZ,1712880883
10,shingu,33.7333,135.9833,15.76,76,100,3.59,JP,1712880884
11,badger,64.8,-147.5333,7.21,44,75,8.23,US,1712880885
12,albany,42.6001,-73.9662,15.05,80,100,0.89,US,1712880886
13,ushuaia,-54.8,-68.3,7.81,71,0,12.35,AR,1712880881
14,whitehorse,60.7161,-135.0538,5.08,59,24,4.07,CA,1712880888
15,grytviken,-54.2811,-36.5092,-3.78,79,49,4.78,GS,1712880890
16,cabo san lucas,22.8909,-109.9124,25.9,49,75,2.06,MX,1712880891
17,puerto natales,-51.7236,-72.4875,1.69,97,54,1.17,CL,1712880892
18,longyearbyen,78.2186,15.6401,-16.09,60,0,2.57,SJ,1712880893
19,la'ie,21.6477,-157.9253,27.98,82,100,4.92,US,1712880894
20,marang,5.2056,103.2059,26.79,80,48,1.12,MY,1712880895
21,tazovsky,67.4667,78.7,-20.86,90,65,7.8,RU,1712880896
22,tazacorte,28.629,-17.9293,23.54,31,100,4.63,ES,1712880897
23,waitangi,-43.9535,-176.5597,17.68,92,100,5.81,NZ,1712880898
24,urengoy,65.9667,78.3667,-20.14,91,100,7.56,RU,1712880720
25,adamstown,-25.066,-130.1015,21.24,54,15,5.38,PN,1712880903
26,nuku'alofa,-21.1333,-175.2,30.19,74,20,1.03,TO,1712880904
27,rosa zarate,0.3333,-79.4667,25.54,90,53,1.58,EC,1712880906
28,kalmunai,7.4167,81.8167,26.88,83,90,1.6,LK,1712880907
29,lihue,21.9789,-159.3672,27.58,79,0,2.57,US,1712880783
30,hermanus,-34.4187,19.2345,13.22,75,33,6.9,ZA,1712880735
31,invercargill,-46.4,168.35,10.01,80,99,2.68,NZ,1712880738
32,kerikeri,-35.2268,173.9474,24.95,75,40,3.88,NZ,1712880517
33,iskateley,67.6803,53.1512,1.68,100,100,7.6,RU,1712880913
34,takoradi,4.8845,-1.7554,25.87,89,100,0.71,GH,1712880914
35,bethel,41.3712,-73.414,15.76,90,100,2.57,US,1712880915
36,st. john's,47.5649,-52.7093,1.75,82,1,1.79,CA,1712880702
37,qaqortoq,60.7167,-46.0333,-10.58,93,15,2.1,GL,1712880917
38,alice springs,-23.7,133.8833,19.01,33,3,3.09,AU,1712880408
39,college,64.8569,-147.8028,7.26,46,75,8.23,US,1712880919
40,inhambane,-23.865,35.3833,20.44,73,100,3.42,MZ,1712880920
41,carnarvon,-24.8667,113.6333,21.99,59,59,8.74,AU,1712880639
42,port elizabeth,-33.918,25.5701,14.62,81,7,2.69,ZA,1712880922
43,papatowai,-46.5619,169.4708,8.35,77,100,2.05,NZ,1712880923
44,iqaluit,63.7506,-68.5145,-3.5,73,100,1.34,CA,1712880924
45,mana,5.6592,-53.7767,25.93,87,96,4.17,GF,1712880925
46,ujae,8.9322,165.7642,27.48,76,100,9.31,MH,1712880796
47,santo antonio do ica,-3.1022,-67.9397,24.52,97,94,0.75,BR,1712880927
48,buzovna,40.5179,50.1139,14.05,62,0,10.29,AZ,1712880929
49,nova xavantina,-14.6667,-52.35,24.44,88,53,0.83,BR,1712880930
50,klyuchi,52.2667,79.1667,-2.88,66,50,2.56,RU,1712880931
51,bilibino,68.0546,166.4372,-10.56,79,98,1.81,RU,1712880760
52,uturoa,-16.7333,-151.4333,29.1,77,8,7.93,PF,1712880934
53,gadzhiyevo,69.2551,33.3362,-0.33,89,100,11.11,RU,1712880568
54,vila franca do campo,37.7167,-25.4333,18.27,99,37,1.81,PT,1712880936
55,uvalde,29.3669,-99.767,29.51,14,0,5.14,US,1712880774
56,maridi,4.9158,29.4742,23.21,65,75,1.9,SS,1712880938
57,watton,53.9333,-0.45,16.15,82,40,5.66,GB,1712880939
58,grootfontein,-19.5667,18.1167,17.54,43,67,1.99,NA,1712880940
59,saipan,15.1355,145.701,29.39,74,40,7.72,MP,1712880903
60,port mathurin,-19.6833,63.4167,26.89,76,4,5.22,MU,1712880942
61,necochea,-38.5473,-58.7368,9.64,72,89,2.87,AR,1712880712
62,sandnessjoen,66.0217,12.6316,2.06,80,20,1.03,NO,1712880943
63,les avirons,-21.2418,55.3394,24.05,73,0,2.06,RE,1712880944
64,punta arenas,-53.15,-70.9167,7.84,65,59,8.06,CL,1712880653
65,pangody,65.85,74.4859,-14.57,83,100,11.8,RU,1712880946
66,edinburgh of the seven seas,-37.0676,-12.3116,18.42,93,37,7.05,SH,1712880948
67,langepas,61.2544,75.2124,-12.22,87,100,6.49,RU,1712880949
68,maintirano,-18.0667,44.0167,26.78,82,96,5.72,MG,1712880515
69,sokcho,38.2083,128.5911,17.7,51,3,1.23,KR,1712880952
70,mount gambier,-37.8333,140.7667,14.21,60,100,2.06,AU,1712880754
71,afaahiti,-17.75,-149.2833,29.93,87,89,8.28,PF,1712880955
72,debark',13.1561,37.8981,14.87,31,20,1.59,ET,1712880956
73,hamilton,39.1834,-84.5333,13.22,89,100,8.49,US,1712880689
74,sitka,57.0531,-135.33,6.94,61,40,6.17,US,1712880715
75,winston,28.0317,-82.0148,23.28,76,73,3.13,US,1712880959
76,puerto ayora,-0.7393,-90.3518,25.86,98,79,3.13,EC,1712880960
77,floro,61.5996,5.0328,7.98,81,20,6.17,NO,1712880962
78,tiksi,71.6872,128.8694,-25.03,94,16,6.7,RU,1712880963
79,ulladulla,-35.35,150.4667,16.54,61,44,1.23,AU,1712880965
80,kiunga,-6.1219,141.2906,23.86,99,100,0.7,PG,1712880966
81,jamestown,42.097,-79.2353,16.77,98,100,5.14,US,1712880803
82,vorgashor,67.5833,63.95,-9.55,87,100,10.19,RU,1712880968
83,lazaro cardenas,17.9583,-102.2,26.42,67,3,3.1,MX,1712880970
84,blackmans bay,-43.0167,147.3167,14.07,71,84,3.77,AU,1712880971
85,usogorsk,63.4106,48.6872,4.81,100,100,6.97,RU,1712880972
86,kosh-agach,50.0,88.6667,-0.39,68,100,4.47,RU,1712880973
87,isangel,-19.55,169.2667,29.06,79,75,1.03,VU,1712880974
88,dunkwa,5.9656,-1.78,23.95,93,100,0.67,GH,1712880975
89,olonkinbyen,70.9221,-8.7187,-8.07,90,100,6.9,SJ,1712880976
90,vadso,70.0744,29.7487,1.09,75,100,5.66,NO,1712880977
91,yabelo,4.8833,38.0833,15.91,91,15,2.94,ET,1712880978
92,yinzhu,35.8786,119.9753,12.8,83,72,2.97,CN,1712880980
93,karatuzskoye,53.6072,92.8667,1.88,92,96,4.47,RU,1712880981
94,princeville,45.7668,-61.2985,4.62,84,49,0.89,CA,1712880982
95,rehoboth,-23.3167,17.0833,18.08,38,22,2.06,NA,1712880984
96,hithadhoo,-0.6,73.0833,29.0,70,87,1.4,MV,1712880984
97,yellowknife,62.456,-114.3525,1.45,89,89,6.25,CA,1712880985
98,simanggang,1.2472,111.4528,25.22,90,63,0.2,MY,1712880986
99,saint-philippe,-21.3585,55.7679,25.77,90,83,1.81,RE,1712880987
100,funafuti,-8.5243,179.1942,29.84,72,37,2.43,TV,1712880988
101,kailua-kona,19.6406,-155.9956,27.38,73,100,4.63,US,1712880990
102,kaiapoi,-43.3783,172.6401,12.48,88,75,9.26,NZ,1712880991
103,chifeng,42.2683,118.9636,17.92,46,63,7.15,CN,1712880994
104,labuan bajo,-8.4964,119.8877,27.57,72,11,1.54,ID,1712880995
105,west island,-12.1568,96.8225,26.99,78,40,3.6,CC,1712880996
106,port alfred,-33.5906,26.891,14.54,81,4,1.79,ZA,1712880997
107,colonia,50.9333,6.95,14.9,82,100,0.51,DE,1712880769
108,ilulissat,69.2167,-51.1,-6.99,86,100,0.0,GL,1712881000
109,stanley,54.868,-1.6985,13.21,88,40,8.75,GB,1712881001
110,palapag,12.5458,125.1147,26.84,86,90,3.24,PH,1712881002
111,maun,-19.9833,23.4167,19.64,47,68,2.16,BW,1712881004
112,dire dawa,9.5931,41.8661,24.71,48,66,0.78,ET,1712881005
113,kuta,-8.7233,115.1723,27.97,88,40,1.03,ID,1712881007
114,alvorada,-12.48,-49.1247,23.49,88,88,1.33,BR,1712880996
115,swinoujscie,53.9105,14.2471,13.97,82,100,5.66,PL,1712881010
116,tadine,-21.55,167.8833,24.01,75,100,3.31,NC,1712881011
117,dryden,49.7833,-92.7503,3.25,96,98,3.46,CA,1712881012
118,loa janan,-0.583,117.095,24.8,98,73,0.39,ID,1712881013
119,prince rupert,54.3161,-130.3201,4.83,78,100,3.67,CA,1712881015
120,jining,35.405,116.5814,17.65,71,57,4.65,CN,1712881016
121,atafu village,-8.5421,-172.5159,29.55,76,38,3.76,TK,1712881017
122,gananoque,44.3334,-76.1661,18.04,77,100,7.06,CA,1712881018
123,queenstown,-31.8976,26.8753,4.11,87,0,0.68,ZA,1712880509
124,nar'yan-mar,67.6713,53.087,1.73,100,100,7.6,RU,1712881020
125,adam,22.3756,57.5233,28.44,32,72,3.51,OM,1712881021
126,mancio lima,-7.6142,-72.8958,23.92,98,90,1.09,BR,1712881022
127,kutoarjo,-7.7169,109.9128,26.08,88,98,0.71,ID,1712881022
128,mejit,10.2753,170.8646,26.67,80,100,9.15,MH,1712880814
129,ust-nera,64.5667,143.2,-5.49,88,89,2.44,RU,1712880572
130,vilyuchinsk,52.9306,158.4028,6.15,89,6,2.86,RU,1712880739
131,utrik,11.2278,169.8474,26.72,73,98,9.28,MH,1712881028
132,aliganj,27.5,79.1833,26.45,22,12,1.05,IN,1712881029
133,shitanjing,39.2342,106.3439,14.2,28,4,1.7,CN,1712881030
134,buzuluk,52.7807,52.2635,13.87,69,100,3.13,RU,1712881031
135,orchha,25.35,78.65,26.33,35,67,3.03,IN,1712881033
136,yarmouth,41.7057,-70.2286,14.26,94,100,4.63,US,1712881035
137,sampacho,-33.3839,-64.7221,10.67,75,96,4.81,AR,1712881036
138,torghay,49.6339,63.4981,3.51,63,9,2.64,KZ,1712881037
139,port lincoln,-34.7333,135.8667,15.29,60,100,3.56,AU,1712881038
140,ancud,-41.8697,-73.8203,11.77,74,0,3.11,CL,1712881038
141,hadibu,12.65,54.0333,27.89,69,94,1.69,YE,1712881040
142,westport,41.1415,-73.3579,15.25,92,100,2.24,US,1712881014
143,saint-berthevin,48.0667,-0.8333,11.98,76,0,2.06,FR,1712881042
144,mega,4.05,38.3,16.85,88,9,3.2,ET,1712881043
145,kuanda,56.3161,116.0806,-0.65,69,75,0.97,RU,1712881044
146,ataq,14.5377,46.8319,20.69,73,71,5.01,YE,1712880810
147,kisangani,0.5167,25.2,22.69,90,94,1.31,CD,1712881046
148,ghadamis,30.1337,9.5007,13.74,75,36,11.38,LY,1712881047
149,naze,28.3667,129.4833,19.85,87,71,3.91,JP,1712881048
150,chonchi,-42.6128,-73.8092,9.56,79,0,0.95,CL,1712881049
151,dingcheng,32.1272,115.0394,18.52,81,27,1.3,CN,1712881050
152,san patricio,28.017,-97.5169,27.97,31,0,4.81,US,1712881051
153,cold lake,54.4502,-110.2017,8.41,38,45,4.54,CA,1712881052
154,rosarito,32.3333,-117.0333,24.18,72,27,2.87,MX,1712881053
155,sambava,-14.2667,50.1667,23.62,97,64,0.86,MG,1712881054
156,novoazovs'k,47.1139,38.086,14.54,64,3,2.36,UA,1712881055
157,nova vicosa,-17.8919,-39.3719,26.14,82,0,2.84,BR,1712881055
158,kristiansund,63.1115,7.732,9.03,76,89,2.57,NO,1712881057
159,isafjordur,66.0755,-23.124,-3.05,94,100,12.47,IS,1712881058
160,kingston,17.997,-76.7936,27.87,76,37,1.99,JM,1712880786
161,duobao,30.67,112.6895,17.34,84,1,1.32,CN,1712881060
162,kidal,18.4411,1.4078,29.98,10,77,6.1,ML,1712881061
163,guymon,36.6828,-101.4816,18.0,29,0,5.66,US,1712881062
164,geraldton,-28.7667,114.6,21.23,64,100,3.09,AU,1712880482
165,thompson,55.7435,-97.8558,1.06,93,100,3.11,CA,1712881058
166,pandan,14.0453,124.1694,27.2,84,96,3.9,PH,1712881069
167,hami,42.8,93.45,14.2,34,2,2.7,CN,1712881070
168,salto,-31.3833,-57.9667,19.37,70,97,4.92,UY,1712880774
169,udachny,66.4167,112.4,-24.2,98,99,2.67,RU,1712881072
170,honiara,-9.4333,159.95,30.91,66,84,2.2,SB,1712881073
171,migne,46.6274,0.3146,12.06,91,0,2.57,FR,1712881074
172,crane,31.3974,-102.3501,26.0,13,0,6.51,US,1712881076
173,kruisfontein,-34.0033,24.7314,13.27,73,17,2.62,ZA,1712881078
174,lalibela,12.0333,39.0333,17.69,61,6,2.57,ET,1712881081
175,buon ma thuot,12.6667,108.05,23.09,78,99,2.38,VN,1712880987
176,severo-yeniseyskiy,60.3725,93.0408,-19.68,99,99,0.45,RU,1712881084
177,paracuru,-3.41,-39.0306,28.95,89,97,2.56,BR,1712881085
178,tamanrasset,22.785,5.5228,23.95,9,0,5.14,DZ,1712881087
179,nagqu,31.5,92.0,-3.18,60,100,3.12,CN,1712881089
180,berdigestyakh,62.0989,126.6992,-13.22,89,99,5.01,RU,1712881090
181,enewetak,11.3474,162.3373,27.05,78,91,9.57,MH,1712881094
182,sao vicente,-23.9631,-46.3919,25.71,59,88,0.45,BR,1712881095
183,puerto santa,-8.9906,-78.6456,20.61,87,67,4.6,PE,1712881096
184,georgetown,5.4112,100.3354,27.75,83,20,1.03,MY,1712881087
185,karymskoye,51.6167,114.35,5.99,62,3,1.39,RU,1712881099
186,port isabel,26.0734,-97.2086,28.04,50,0,5.14,US,1712881100
187,sola,-13.8833,167.55,28.39,79,49,5.04,VU,1712881101
188,hassi messaoud,31.6804,6.0729,13.77,59,26,4.27,DZ,1712881102
189,alo,7.4178,6.7371,28.68,76,88,4.25,NG,1712881103
190,aasiaat,68.7098,-52.8699,-6.42,95,100,2.72,GL,1712881104
191,dudinka,69.4058,86.1778,-29.62,100,88,3.58,RU,1712881105
192,luderitz,-26.6481,15.1594,21.52,47,0,1.85,NA,1712880507
193,puerto aysen,-45.4,-72.7,5.39,93,0,1.56,CL,1712881062
194,weining,26.85,104.2333,11.57,81,4,0.68,CN,1712881108
195,kodiak,57.79,-152.4072,2.73,87,100,3.6,US,1712881109
196,jindabyne,-36.4167,148.6333,14.76,59,0,0.45,AU,1712881044
197,codrington,-38.2667,141.9667,15.79,58,99,3.69,AU,1712881111
198,constantia,44.1833,28.65,17.38,64,6,2.65,RO,1712881052
199,hawaiian paradise park,19.5933,-154.9731,23.82,96,100,2.57,US,1712881113
200,la passe,45.5549,-0.8967,12.13,93,41,3.02,FR,1712881115
201,bridgewater,44.3835,-64.5155,5.62,78,100,5.14,CA,1712881116
202,nova sintra,14.8667,-24.7167,22.48,77,3,7.0,CV,1712881117
203,golere,16.2557,-14.1017,36.87,18,53,3.57,SN,1712881118
204,barroso,-21.1869,-43.9758,19.22,97,36,3.61,BR,1712881119
205,midvagur,62.0511,-7.1939,8.46,87,100,4.12,FO,1712881121
206,kirillov,59.863,38.3813,5.55,67,87,4.94,RU,1712881122
207,mili,6.0815,171.735,27.4,84,100,7.83,MH,1712880921
208,tura,25.5198,90.2201,23.14,44,62,1.78,IN,1712881124
209,dunedin,-45.8742,170.5036,9.33,93,100,1.34,NZ,1712880869
210,pionerskiy,54.9508,20.2275,12.86,96,100,9.0,RU,1712881126
211,lubartow,51.4603,22.6095,9.74,71,5,2.85,PL,1712881128
212,agat village,13.3886,144.6585,29.52,79,75,6.17,GU,1712881129
213,petropavlovsk-kamchatsky,53.0452,158.6483,5.33,31,0,3.0,RU,1712881130
214,rawson,-43.3002,-65.1023,14.11,41,100,6.26,AR,1712881010
215,formosa,-26.1775,-58.1781,20.38,97,100,3.44,AR,1712881132
216,zambezi,-13.5432,23.1047,18.0,92,57,2.02,ZM,1712881133
217,holualoa,19.6228,-155.9522,24.91,80,100,4.63,US,1712881134
218,serhetabat,35.2799,62.3438,13.97,78,92,2.95,TM,1712880624
219,remire-montjoly,4.9167,-52.2667,27.02,89,75,3.6,GF,1712881136
220,avarua,-21.2078,-159.775,29.03,89,75,9.26,CK,1712881137
221,nemuro,43.3236,145.575,5.49,93,100,7.26,JP,1712881138
222,anadyr,64.75,177.4833,-10.72,72,0,7.0,RU,1712881139
223,wynyard,-41.0,145.7167,15.71,72,82,4.72,AU,1712881144
224,wewak,-3.5534,143.6268,28.27,79,24,1.38,PG,1712881145
225,broken hill,-31.95,141.4333,15.61,49,34,4.7,AU,1712880883
226,motygino,58.1831,94.7592,-11.23,97,100,0.89,RU,1712881148
227,kangding,30.0513,101.9603,10.9,59,80,1.74,CN,1712881151
228,n'zeto,-7.2312,12.8666,27.35,79,100,5.71,AO,1712881152
229,kiamba,5.9894,124.6242,29.47,61,56,1.54,PH,1712881153
230,salumbar,24.1333,74.05,24.44,50,46,1.35,IN,1712881154
231,atamanovka,51.93,113.63,3.24,60,28,1.12,RU,1712881155
232,khandyga,62.6667,135.6,-1.77,88,100,4.02,RU,1712881156
233,pavlovsk,50.4578,40.1081,19.41,59,89,1.91,RU,1712881157
234,east london,-33.0153,27.9116,13.84,68,24,4.79,ZA,1712880908
235,ugoofaaru,5.6667,73.0,29.39,73,86,2.5,MV,1712881160
236,ciudad tula,23.0,-99.7167,20.65,30,1,7.59,MX,1712881161
237,tubarjal,30.4999,38.216,17.77,54,0,4.17,SA,1712881163
238,palikir - national government center,6.9248,158.1611,30.47,79,100,2.06,FM,1712881164
239,puerto leguizamo,-0.1934,-74.7819,23.57,97,99,0.91,CO,1712881165
240,narrabri,-30.3167,149.7833,23.62,54,0,0.45,AU,1712881166
241,flying fish cove,-10.4217,105.6791,26.82,89,75,4.63,CX,1712880921
242,portage la prairie,49.9728,-98.2926,11.05,50,40,7.2,CA,1712881169
243,newman,37.3138,-121.0208,29.6,45,14,1.79,US,1712881170
244,pisco,-13.7,-76.2167,22.23,83,0,8.75,PE,1712880902
245,lata,40.1629,-8.3327,18.29,83,94,1.57,PT,1712881172
246,fort bragg,35.139,-79.006,21.57,93,100,5.66,US,1712881173
247,rudnichnyy,59.617,52.4703,5.02,84,11,4.8,RU,1712881174
248,margate,51.3813,1.3862,12.71,90,59,4.92,GB,1712881055
249,robit,12.0167,39.6333,20.36,69,7,1.06,ET,1712881176
250,cururupu,-1.8283,-44.8683,24.49,97,66,0.68,BR,1712881177
251,island harbour,50.724,-1.2758,11.23,90,97,2.68,GB,1712881178
252,fada,9.5667,8.3,27.2,13,57,0.91,NG,1712881180
253,kayes,14.0,-11.0,36.28,20,90,1.25,ML,1712881181
254,atkarsk,51.8718,45.0078,15.68,77,100,3.01,RU,1712881183
255,rongelap,11.1635,166.8941,26.95,78,100,8.41,MH,1712881184
256,sikonge,-5.6333,32.7667,18.5,96,87,0.61,TZ,1712881185
257,sigli,5.3848,95.9609,26.53,81,95,2.13,ID,1712881186
258,allapalli,19.4167,80.0667,25.75,50,99,0.93,IN,1712881186
259,vernon,50.2581,-119.2691,15.34,41,100,0.51,CA,1712881135
260,isla vista,34.4133,-119.861,26.86,59,1,1.35,US,1712881187
261,neiafu,-18.65,-173.9833,29.38,79,40,5.14,TO,1712881189
262,talnakh,69.4865,88.3972,-29.89,97,90,4.48,RU,1712881059
263,barranca,-10.75,-77.7667,20.29,90,60,6.33,PE,1712881191
264,contamana,-7.3333,-75.0167,25.19,89,92,1.78,PE,1712881192
265,prieska,-29.6641,22.7474,12.54,39,0,4.36,ZA,1712880904
266,edmundston,47.3737,-68.3251,5.63,81,100,5.14,CA,1712880923
267,montepuez,-13.1256,38.9997,21.38,98,100,4.01,MZ,1712881196
268,nabire,-3.3667,135.4833,25.69,88,100,0.59,ID,1712881197
269,manokwari,-0.8667,134.0833,28.22,72,89,2.15,ID,1712881198
270,yangquan,37.8575,113.5633,18.89,38,6,3.7,CN,1712881199
271,sao gabriel da cachoeira,-0.1303,-67.0892,25.34,89,68,1.25,BR,1712881188
272,tulun,54.5611,100.5792,0.91,98,100,0.9,RU,1712881201
273,phan thiet,10.9333,108.1,26.86,67,50,3.23,VN,1712881199
274,awjilah,29.1081,21.2869,19.32,27,31,3.11,LY,1712881203
275,saint-paul,-21.0096,55.2707,26.06,85,52,3.56,RE,1712881204
276,wailua homesteads,22.0669,-159.378,27.24,83,0,2.57,US,1712881166
277,san antonio de pale,-1.4014,5.6325,27.65,76,100,1.23,GQ,1712881206
278,tabou,4.423,-7.3528,24.66,93,100,1.05,CI,1712881207
279,guerrero negro,27.9769,-114.0611,21.7,48,93,5.99,MX,1712881193
280,tomatlan,19.9333,-105.25,27.2,49,10,2.7,MX,1712881210
281,gryazovets,58.88,40.2525,7.88,70,90,5.09,RU,1712881211
282,luganville,-15.5333,167.1667,29.88,70,28,2.59,VU,1712881212
283,beledweyne,4.7358,45.2036,29.32,55,100,5.93,SO,1712881213
284,ndele,8.4109,20.6473,28.82,17,46,2.23,CF,1712881215
285,rio grande,-32.035,-52.0986,20.06,60,100,6.63,BR,1712881216
286,yuzhno-kurilsk,44.0306,145.8556,4.65,76,100,4.41,RU,1712881217
287,el porvenir,13.7617,-87.3458,31.63,39,40,1.44,HN,1712881219
288,smithers,54.7804,-127.1743,6.47,77,96,1.33,CA,1712881220
289,calingasta,-31.3308,-69.4078,13.93,55,0,5.45,AR,1712881221
290,paita,-5.0892,-81.1144,20.83,93,77,4.56,PE,1712881222
291,daru,-9.0763,143.2092,26.96,83,100,6.21,PG,1712881222
292,babol,36.5513,52.679,13.04,81,100,4.0,IR,1712881224
293,hasaki,35.7333,140.8333,17.38,87,100,4.55,JP,1712881224
294,san luis de la loma,17.2706,-100.8939,27.23,67,5,1.66,MX,1712881225
295,denia,38.8408,0.1057,14.91,80,0,0.89,ES,1712881226
296,coahuayana de hidalgo,18.7,-103.6583,26.52,62,5,2.11,MX,1712881227
297,kota,25.1833,75.8333,27.73,37,98,3.62,IN,1712881228
298,hancheng,32.5186,112.3522,15.92,84,0,1.82,CN,1712881229
299,kill devil hills,36.0307,-75.676,20.01,91,100,18.01,US,1712881161
300,lompoc,34.6391,-120.4579,26.55,66,0,4.63,US,1712881231
301,kabare,-2.4683,28.8242,16.51,96,88,0.53,CD,1712881232
302,namibe,-15.1961,12.1522,22.16,79,3,3.98,AO,1712881233
303,dawei,14.0833,98.2,26.8,83,55,1.36,MM,1712881233
304,myskhako,44.6714,37.7433,13.1,83,100,1.29,RU,1712881235
305,noyabrsk,63.1994,75.4507,-14.31,89,100,8.49,RU,1712881236
306,hengshui,37.7322,115.7011,19.43,68,0,7.85,CN,1712881237
307,napasar,27.9667,73.55,26.68,34,100,4.68,IN,1712881238
308,ondjiva,-17.0667,15.7333,21.68,67,45,2.7,AO,1712881239
309,keflavik,64.0049,-22.5624,3.95,93,75,6.17,IS,1712881157
310,besskorbnaya,44.6447,41.311,12.03,73,99,4.57,RU,1712881221
311,hotan,37.0997,79.9269,16.04,19,23,3.66,CN,1712881242
312,yamada,39.4667,141.95,12.09,73,100,2.83,JP,1712881243
313,kingscliff,-28.2667,153.5667,24.97,64,75,4.63,AU,1712881244
314,ust-tsilma,65.441,52.1498,1.45,99,100,7.6,RU,1712881156
315,cidreira,-30.1811,-50.2056,20.62,80,100,7.79,BR,1712881056
316,dhidhdhoo,6.8833,73.1,29.57,73,1,3.03,MV,1712881246
317,saint-pol-de-leon,48.6833,-3.9833,11.48,70,51,1.79,FR,1712881247
318,itaituba,-4.2761,-55.9836,24.87,98,99,0.48,BR,1712881248
319,kavaratti,10.5669,72.642,28.84,70,4,1.73,IN,1712881249
320,axim,4.8699,-2.2405,25.7,87,100,1.02,GH,1712881250
321,lebu,-37.6167,-73.65,10.99,93,1,2.15,CL,1712880985
322,new norfolk,-42.7826,147.0587,15.72,84,93,0.86,AU,1712881251
323,sao tome,0.3365,6.7273,27.89,75,100,3.4,ST,1712881252
324,soni,-4.85,38.3667,18.9,95,99,1.42,TZ,1712881253
325,santa rosalia,27.3167,-112.2833,23.65,21,100,1.37,MX,1712881053
326,amga,60.8953,131.9608,0.04,97,100,2.57,RU,1712881255
327,mikhaylov,54.2292,39.0186,9.84,71,49,3.2,RU,1712881256
328,ampanihy,-24.7,44.75,19.21,92,95,2.68,MG,1712881036
329,kupang,-10.1667,123.5833,30.32,79,20,4.12,ID,1712881258
330,adh dhayd,25.2881,55.8816,30.4,49,55,1.73,AE,1712881259
331,klaksvik,62.2266,-6.589,8.51,83,80,10.94,FO,1712881260
332,kota kinabalu,5.9749,116.0724,27.99,74,20,2.24,MY,1712880989
333,sultanah,24.4926,39.5857,22.25,18,0,0.0,SA,1712881261
334,zaranj,30.9667,61.8833,23.98,38,100,5.73,AF,1712881262
335,salinopolis,-0.6136,-47.3561,26.69,89,100,3.87,BR,1712881263
336,hailar,49.2,119.7,7.79,79,99,5.42,CN,1712881264
337,santana,-0.0583,-51.1817,26.1,94,100,1.54,BR,1712881265
338,yei,4.095,30.6779,22.3,74,63,1.47,SS,1712881037
339,piacabucu,-10.4056,-36.4344,27.27,80,34,3.56,BR,1712881267
340,san pedro,14.35,121.0167,29.57,73,58,4.47,PH,1712881167
341,ternate,0.8,127.4,27.5,76,92,2.58,ID,1712881268
342,susuman,62.7833,148.1667,-12.23,92,96,1.34,RU,1712881207
343,lincheng,19.9078,109.6858,25.41,79,4,2.63,CN,1712881270
344,malango,-2.9627,119.9001,20.78,100,100,0.46,ID,1712881153
345,kununurra,-15.7667,128.7333,25.99,47,40,3.09,AU,1712881272
346,nandu,22.8525,110.8233,24.08,86,100,1.21,CN,1712881273
347,stefan voda,46.5153,29.6631,15.84,70,51,5.53,MD,1712881274
348,beira,-19.8436,34.8389,24.05,78,100,4.63,MZ,1712881275
349,touros,-5.1989,-35.4608,26.21,88,99,2.87,BR,1712881145
350,ambodifotatra,-16.9833,49.85,25.84,89,50,1.24,MG,1712881156
351,oltinko'l,40.8011,72.1634,17.99,36,95,2.65,UZ,1712881278
352,baardheere,2.3446,42.2764,28.36,74,64,4.2,SO,1712881279
353,richards bay,-28.783,32.0377,17.81,62,70,6.02,ZA,1712881280
354,victorica,-36.2151,-65.4359,8.35,81,100,6.43,AR,1712881281
355,pont rouge,48.8833,-72.0825,6.06,94,100,5.99,CA,1712881282
356,aykhal,66.0,111.5,-22.4,93,93,2.26,RU,1712881283
357,la ronge,55.1001,-105.2842,4.14,65,20,4.63,CA,1712881284
358,al jawf,29.5,38.75,18.43,36,0,2.85,SA,1712881154
359,durango,24.8333,-104.8333,24.36,9,69,5.2,MX,1712881199
360,nueva gerona,21.8833,-82.8,27.94,69,92,4.47,CU,1712881286
361,chui,-33.6971,-53.4616,17.74,56,98,3.58,UY,1712881287
362,gaiman,-43.2897,-65.4929,14.29,43,100,5.71,AR,1712881012
363,ocean shores,46.9737,-124.1563,11.64,91,100,3.13,US,1712881289
364,trincomalee,8.5711,81.2335,28.35,77,76,4.82,LK,1712881291
365,ghat,24.9647,10.1728,23.62,23,17,6.55,LY,1712881292
366,yerofey pavlovich,53.9667,121.9667,1.77,95,100,1.92,RU,1712881292
367,chibougamau,49.9168,-74.3659,6.79,81,100,4.12,CA,1712881293
368,port alberni,49.2413,-124.8028,10.06,94,100,2.68,CA,1712881031
369,walvis bay,-22.9575,14.5053,14.53,94,6,2.06,NA,1712881296
370,smidovich,48.6,133.8167,13.2,60,92,2.4,RU,1712881297
371,toamasina,-18.1667,49.3833,25.0,94,75,2.06,MG,1712881298
372,ta'izz,13.5,44.0,21.29,83,32,0.62,YE,1712881299
373,drayton valley,53.2168,-114.9854,9.82,47,100,6.0,CA,1712881300
374,serdar,38.9764,56.2757,14.6,85,100,3.26,TM,1712881301
375,geneina,13.45,22.45,26.34,11,11,6.98,SD,1712881302
376,al abyar,32.19,20.5965,15.02,51,86,3.67,LY,1712881303
377,petropavlovka,50.6114,105.3196,5.97,82,97,1.37,RU,1712881304
378,pundong,-7.9522,110.3486,25.93,89,95,1.28,ID,1712881305
379,bedele,8.456,36.353,16.62,62,68,1.42,ET,1712881306
380,mizdah,31.4451,12.9801,13.98,88,100,11.2,LY,1712881307
381,aksu,41.1231,80.2644,13.77,23,63,2.24,CN,1712881308
382,dom pedrito,-30.9828,-54.6731,17.41,71,100,5.18,BR,1712881189
383,qionghai,19.2425,110.4642,26.26,83,15,3.03,CN,1712881310
384,revda,56.801,59.9303,8.56,87,100,7.46,RU,1712881311
385,oliver,49.1831,-119.5524,15.95,36,100,4.12,CA,1712881311
386,russkiy kameshkir,52.8589,46.0892,13.76,89,100,2.79,RU,1712881312
387,cova figueira,14.8905,-24.2934,17.14,73,0,3.39,CV,1712881314
388,saldanha,-33.0117,17.9442,16.03,61,6,4.99,ZA,1712881315
389,puerto armuelles,8.2833,-82.8667,30.09,71,100,1.34,PA,1712881316
390,barah,13.7,30.3667,23.78,12,22,4.79,SD,1712881317
391,zouerate,22.7187,-12.4521,29.14,9,0,4.95,MR,1712881318
392,benguela,-12.5763,13.4055,25.21,88,99,1.87,AO,1712881319
393,tolanaro,-25.0319,46.9987,20.21,93,100,1.98,MG,1712881191
394,skovorodino,53.9833,123.9167,1.83,82,100,2.67,RU,1712881320
395,kitui,-1.367,38.0106,19.25,96,80,0.94,KE,1712881321
396,hang dong,18.687,98.9194,29.25,66,20,1.03,TH,1712881322
397,sao jose da coroa grande,-8.8978,-35.1478,27.38,81,43,3.39,BR,1712881323
398,mitu,1.1983,-70.1733,24.24,97,100,1.01,CO,1712881142
399,villa gesell,-37.2639,-56.973,12.81,60,99,4.58,AR,1712881089
400,sur,22.5667,59.5289,30.15,45,87,3.61,OM,1712881325
401,nuuk,64.1835,-51.7216,-2.66,93,100,2.57,GL,1712881300
402,nogliki,51.8333,143.1667,3.52,88,44,5.36,RU,1712881327
403,hirara,24.8,125.2833,25.15,88,40,6.17,JP,1712881328
404,puerto baquerizo moreno,-0.9,-89.6,25.72,85,29,3.63,EC,1712881329
405,ha'il,27.5219,41.6907,18.01,42,0,2.06,SA,1712881329
406,jayapura,-2.5333,140.7,29.66,71,98,0.61,ID,1712881330
407,gobabis,-22.45,18.9667,17.14,38,2,4.67,NA,1712881331
408,glace bay,46.1969,-59.957,3.65,88,16,4.47,CA,1712881044
409,la sarre,48.8002,-79.1996,8.68,81,100,3.52,CA,1712881149
410,amarante do maranhao,-5.5667,-46.7422,23.86,96,14,1.08,BR,1712881334
411,kajuru,10.3192,7.6892,26.2,16,97,2.15,NG,1712881335
412,forest,37.3638,-79.2897,19.43,91,100,9.26,US,1712881110
413,afif,23.9065,42.9172,20.75,38,39,3.95,SA,1712881337
414,mazatlan,23.2167,-106.4167,25.98,63,75,4.12,MX,1712881338
415,rameswaram,9.2833,79.3,29.58,75,100,7.57,IN,1712881340
416,praia da vitoria,38.7333,-27.0667,16.53,94,40,3.07,PT,1712881341
417,fortuna,40.5982,-124.1573,14.25,78,20,7.72,US,1712881341
418,punta del este,-34.9667,-54.95,17.15,70,75,2.68,UY,1712881284
419,libreville,0.3925,9.4537,26.71,87,100,2.75,GA,1712881344
420,pizarro,4.9533,-77.366,26.52,84,33,2.1,CO,1712881345
421,weno,7.4515,151.8468,27.83,79,100,5.86,FM,1712881152
422,puerto madero,14.7208,-92.4215,32.11,58,40,3.6,MX,1712881346
423,banda aceh,5.5577,95.3222,26.6,81,88,3.72,ID,1712881347
424,zhezqazghan,47.7833,67.7667,-1.68,80,0,5.0,KZ,1712881348
425,priozersk,61.0393,30.1291,6.16,88,100,5.26,RU,1712881169
426,pangobilian,8.8011,117.8594,28.61,74,39,3.7,PH,1712881350
427,ashburton,-37.8626,145.0794,16.25,85,97,0.45,AU,1712881351
428,naliya,23.2667,68.8333,24.16,79,3,2.31,IN,1712881352
429,road town,18.4167,-64.6167,27.02,74,75,7.72,VG,1712881352
430,kirkwall,58.9848,-2.9587,11.03,82,20,7.2,GB,1712881353
431,karratha,-20.7377,116.8463,27.88,67,68,2.34,AU,1712881355
432,mar del plata,-38.0023,-57.5575,13.94,69,75,2.57,AR,1712881206
433,al kharj,24.155,47.3346,22.32,41,58,4.52,SA,1712881357
434,ixtapa,20.7,-105.2,23.57,69,40,4.63,MX,1712881288
435,tyngsboro,42.6768,-71.4245,10.36,88,100,1.54,US,1712881359
436,antofagasta,-23.65,-70.4,18.06,87,81,2.44,CL,1712881069
437,ad dilam,23.9915,47.1627,22.23,43,59,4.54,SA,1712881361
438,hakui,36.8833,136.7833,19.56,58,85,1.26,JP,1712881362
439,harnosand,62.6323,17.9379,1.01,94,100,2.12,SE,1712881362
440,mount pearl,47.5166,-52.7813,1.29,80,0,6.69,CA,1712881295
441,peace river,56.2501,-117.286,14.17,26,75,1.54,CA,1712881171
442,karabar,-35.3753,149.2308,17.81,72,0,2.06,AU,1712881365
443,la paz,-16.5,-68.15,11.43,74,75,1.54,BO,1712881366
444,chos malal,-37.3781,-70.2709,11.51,59,7,3.68,AR,1712881367
445,key largo,25.0865,-80.4473,26.0,66,95,5.43,US,1712881343
446,burutu,5.3509,5.5076,27.38,83,100,3.73,NG,1712881369
447,cooper's town,26.8667,-77.5167,24.16,89,99,10.7,BS,1712881370
448,el nido,11.1858,119.3956,28.51,71,51,4.19,PH,1712881370
449,bereket,39.2446,55.5154,14.28,85,100,5.65,TM,1712881371
450,usinsk,65.9939,57.5281,1.71,99,100,10.28,RU,1712881199
451,lupane,-18.9315,27.807,18.36,63,31,4.33,ZW,1712881170
452,matoury,4.8483,-52.3317,26.98,89,75,3.6,GF,1712881374
453,sisimiut,66.9395,-53.6735,-5.1,92,96,2.56,GL,1712881184
454,conduaga,8.862,117.4893,28.73,63,22,0.89,PH,1712881378
455,vilhena,-12.7406,-60.1458,22.13,96,100,0.69,BR,1712881379
456,emporia,38.4039,-96.1817,17.11,17,0,8.75,US,1712881380
457,the pas,53.8251,-101.2541,5.01,75,100,2.06,CA,1712881381
458,orange,33.7,-117.7675,31.05,54,0,3.09,US,1712881268
459,dzilam gonzalez,21.2833,-88.9333,23.66,63,46,3.67,MX,1712881238
460,bandundu,-3.3167,17.3667,25.55,77,100,0.72,CD,1712881383
461,tralee,52.2704,-9.7026,11.44,98,100,2.21,IE,1712881342
462,arteche,12.2645,125.4048,27.07,84,68,3.23,PH,1712881385
463,porto novo,6.4965,2.6036,29.9,79,84,4.28,BJ,1712881386
464,jwaneng,-24.6004,24.7303,15.66,71,0,4.86,BW,1712881387
465,xining,36.6167,101.7667,8.3,34,93,1.24,CN,1712881346
466,tarawa,1.419,172.984,30.05,74,20,3.09,KI,1712881390
467,nantucket,41.2835,-70.0995,11.08,99,100,6.69,US,1712881391
468,iola,37.9245,-95.4,18.03,19,30,8.75,US,1712881274
469,egilsstadir,65.2653,-14.3948,-0.05,100,100,3.6,IS,1712881192
470,alofi,-19.0595,-169.9187,29.94,70,75,4.12,NU,1712881393
471,igarka,67.4667,86.5833,-31.66,100,49,0.89,RU,1712881394
472,alegrete,-29.7831,-55.7919,17.99,75,99,8.38,BR,1712881282
473,tateyama,34.9833,139.8667,16.17,86,100,4.43,JP,1712881396
474,happy valley-goose bay,53.3168,-60.3315,10.17,34,75,7.2,CA,1712881384
475,freetown,8.484,-13.2299,25.93,72,54,1.46,SL,1712881400
476,saynshand,44.8824,110.1163,11.41,36,59,2.07,MN,1712881401
477,san ignacio de velasco,-16.3667,-60.95,22.7,98,100,1.24,BO,1712881401
478,suva,-18.1416,178.4415,30.71,70,40,0.0,FJ,1712881402
479,smara,26.7384,-11.6719,27.65,20,0,4.33,EH,1712881403
480,pangoa,-12.1167,-73.0,22.22,97,96,1.31,PE,1712881404
481,ta`u,-14.2336,-169.5144,28.69,80,18,4.28,AS,1712881405
482,misratah,32.3754,15.0925,17.35,87,56,7.29,LY,1712881406
483,zaozersk,69.4005,32.4476,-1.69,94,97,5.69,RU,1712881407
484,svobodnyy,51.4,128.1333,10.29,58,100,7.22,RU,1712881408
485,taulaga,-11.0553,-171.0883,29.98,73,52,3.78,AS,1712881409
486,hobyo,5.3505,48.5268,28.46,77,39,3.58,SO,1712881410
487,nguigmi,14.2495,13.1092,28.12,14,81,5.42,NE,1712881411
488,viedma,-40.8135,-62.9967,12.61,75,84,3.85,AR,1712881340
489,acapulco de juarez,16.8634,-99.8901,27.9,74,0,3.6,MX,1712881413
490,cuenca,-2.8833,-78.9833,19.07,52,75,3.09,EC,1712881414
491,buzias,45.6492,21.6036,10.97,88,45,1.75,RO,1712881415
492,kasimov,54.9411,41.3953,8.43,80,32,2.94,RU,1712881416
493,sassnitz,54.5167,13.65,12.11,95,89,8.35,DE,1712881416
494,bangassou,4.7413,22.8184,24.43,53,28,0.76,CF,1712881157
495,betio village,1.358,172.9211,30.02,76,84,2.86,KI,1712881418
496,grand-bassam,5.2118,-3.7388,27.98,82,100,1.09,CI,1712881419
497,xiongzhou,25.1167,114.3,24.1,87,85,1.44,CN,1712881420
498,monrovia,6.3005,-10.7969,24.87,84,67,1.63,LR,1712881421
499,ulaangom,49.9811,92.0667,0.36,65,89,0.85,MN,1712881422
500,keren,15.7778,38.4581,22.43,62,69,2.01,ER,1712881423
501,raduzhny,62.0961,77.475,-15.05,90,96,5.32,RU,1712881277
502,aripuana,-9.1667,-60.6333,24.37,97,100,0.8,BR,1712881425
503,berezovyy,51.6667,135.7,10.29,36,5,2.14,RU,1712881426
504,luanda,-8.8368,13.2343,26.66,81,100,5.35,AO,1712881203
505,onega,63.9061,38.1404,1.61,86,32,6.06,RU,1712881428
506,dalian,38.9122,121.6022,12.96,67,0,4.0,CN,1712881429
507,puerto lopez,4.0845,-72.956,30.53,44,54,2.65,CO,1712881430
508,cozumel,20.5083,-86.9458,23.04,94,100,4.12,MX,1712881308
509,tsiombe,-25.3,45.4833,20.0,89,96,2.52,MG,1712881334
510,arraial do cabo,-22.9661,-42.0278,25.06,83,84,1.25,BR,1712881433
511,kavieng,-2.5744,150.7967,28.55,74,97,2.82,PG,1712881433
512,ulsteinvik,62.3432,5.8487,10.5,87,84,6.38,NO,1712881434
513,thunder bay,48.4001,-89.3168,8.99,93,100,1.54,CA,1712881233
514,warwick,41.7001,-71.4162,14.39,90,100,4.12,US,1712881436
515,kenai,60.5544,-151.2583,3.05,97,100,2.57,US,1712881437
516,ola,59.5833,151.2833,-3.81,82,40,1.5,RU,1712881194
517,coquimbo,-29.9533,-71.3436,13.85,88,100,1.54,CL,1712881251
518,brandon,27.9378,-82.2859,23.28,79,40,5.14,US,1712881383
519,nadym,65.5333,72.5167,-12.8,89,100,13.57,RU,1712881440
520,uliastay,47.7417,96.8444,2.02,70,97,1.73,MN,1712881441
521,azov,47.1078,39.4165,17.79,55,46,1.34,RU,1712881442
522,livingston,55.9029,-3.5226,12.49,93,100,5.66,GB,1712881443
523,dinan bashnoian wala,29.7659,73.2657,25.22,25,43,3.47,PK,1712881444
524,callao,-12.0667,-77.15,22.16,78,75,4.63,PE,1712881445
525,fortaleza,-3.7227,-38.5247,29.01,94,75,3.09,BR,1712881355
526,kapa'a,22.0752,-159.319,27.99,83,0,2.57,US,1712881439
527,howrah,22.5892,88.3103,25.0,73,40,3.09,IN,1712881448
528,alaghsas,17.0187,8.0168,29.21,10,91,2.46,NE,1712881449
529,cassilandia,-19.1133,-51.7342,24.41,85,95,0.99,BR,1712881449
530,mingora,34.7758,72.3625,14.13,62,48,3.91,PK,1712881452
531,haiku-pauwela,20.9219,-156.3051,26.25,73,20,3.6,US,1712881335
532,west bay,19.3667,-81.4167,29.04,85,20,3.09,KY,1712881453
533,nizhniy odes,63.6445,54.856,1.19,98,100,6.69,RU,1712881454
534,nizao,18.25,-70.2,28.53,79,4,4.25,DO,1712881455
535,gaigeturi,33.4644,126.3183,17.03,82,0,4.12,KR,1712881456
536,vuktyl,63.8567,57.3094,0.62,96,100,7.6,RU,1712881457
537,priob'ye,62.5206,65.5964,1.13,98,100,6.68,RU,1712881458
538,ketchikan,55.3422,-131.6461,7.41,76,75,0.0,US,1712881356
539,twon-brass,4.3151,6.2418,28.54,79,93,6.03,NG,1712881461
540,vilyuysk,63.7553,121.6247,-18.89,96,59,2.68,RU,1712881462
541,columbia falls,48.3725,-114.1815,15.82,34,0,6.17,US,1712881464
542,humaita,-7.5061,-63.0208,24.34,99,83,1.35,BR,1712881465
543,pontianak,-0.0333,109.3333,25.99,94,20,3.09,ID,1712881466
544,ntoum,0.3833,9.7833,24.64,96,100,1.3,GA,1712881466
545,chadron,42.8294,-102.9999,14.42,29,0,4.63,US,1712881467
546,surat,21.1667,72.8333,26.14,65,64,3.63,IN,1712881386
547,baswa,27.15,76.5833,26.08,27,91,1.61,IN,1712881469
548,aswan,24.0934,32.907,21.76,30,27,4.64,EG,1712881471
549,colombo,6.9319,79.8478,27.13,82,38,1.12,LK,1712881214
550,qamdo,31.1667,97.2333,-1.43,55,53,1.95,CN,1712881472
551,akureyri,65.6835,-18.0878,-0.99,98,100,2.06,IS,1712881238
552,ejura,7.3856,-1.3562,24.61,85,100,1.42,GH,1712881474
553,kindu,-2.95,25.95,21.36,95,100,1.28,CD,1712881475
554,illizi,26.4833,8.4667,19.89,37,1,6.13,DZ,1712881477
555,cabedelo,-6.9811,-34.8339,27.37,80,100,3.86,BR,1712881477
556,mogadishu,2.0371,45.3438,28.99,75,28,4.33,SO,1712881478
